{
	"name": "solaceSourceConnector",
	"config": {
    "name": "solaceSourceConnector",
    "connector.class": "com.solace.connector.kafka.connect.source.SolaceSourceConnector",
    "tasks.max": "1",
    "kafka.topic": "test",
    "sol.host": "tcp://192.168.99.113:55555",
    "sol.username": "default",
    "sol.password": "default",
    "sol.vpn_name": "default",
    "sol.topics": "sourcetest",
    "sol.message_processor_class": "com.solace.connector.kafka.connect.source.msgprocessors.SolSampleSimpleMessageProcessor",
    "sol.message_processor.map_user_properties": "false",
    "sol.message_processor.map_solace_standard_properties": "false",
    "value.converter": "org.apache.kafka.connect.converters.ByteArrayConverter",
    "key.converter": "org.apache.kafka.connect.storage.StringConverter"	}
}